-- MySQL dump 10.13  Distrib 8.0.22, for Win64 (x86_64)
--
-- Host: localhost    Database: delfinen_db
-- ------------------------------------------------------
-- Server version	8.0.22

/*!40101 SET @OLD_CHARACTER_SET_CLIENT=@@CHARACTER_SET_CLIENT */;
/*!40101 SET @OLD_CHARACTER_SET_RESULTS=@@CHARACTER_SET_RESULTS */;
/*!40101 SET @OLD_COLLATION_CONNECTION=@@COLLATION_CONNECTION */;
/*!50503 SET NAMES utf8 */;
/*!40103 SET @OLD_TIME_ZONE=@@TIME_ZONE */;
/*!40103 SET TIME_ZONE='+00:00' */;
/*!40014 SET @OLD_UNIQUE_CHECKS=@@UNIQUE_CHECKS, UNIQUE_CHECKS=0 */;
/*!40014 SET @OLD_FOREIGN_KEY_CHECKS=@@FOREIGN_KEY_CHECKS, FOREIGN_KEY_CHECKS=0 */;
/*!40101 SET @OLD_SQL_MODE=@@SQL_MODE, SQL_MODE='NO_AUTO_VALUE_ON_ZERO' */;
/*!40111 SET @OLD_SQL_NOTES=@@SQL_NOTES, SQL_NOTES=0 */;

--
-- Table structure for table `member`
--

DROP TABLE IF EXISTS `member`;
/*!40101 SET @saved_cs_client     = @@character_set_client */;
/*!50503 SET character_set_client = utf8mb4 */;
CREATE TABLE `member` (
  `member_id` int NOT NULL AUTO_INCREMENT,
  `fornavn` text,
  `efternavn` text,
  `adresse` text,
  `postnr` int DEFAULT NULL,
  `by` text,
  `koen` text,
  `engagement` text,
  `medlemstype` text,
  `aargang` int DEFAULT NULL,
  `trainer_id` int DEFAULT NULL,
  PRIMARY KEY (`member_id`)
) ENGINE=InnoDB AUTO_INCREMENT=55 DEFAULT CHARSET=utf8mb4 COLLATE=utf8mb4_0900_ai_ci;
/*!40101 SET character_set_client = @saved_cs_client */;

--
-- Dumping data for table `member`
--

LOCK TABLES `member` WRITE;
/*!40000 ALTER TABLE `member` DISABLE KEYS */;
INSERT INTO `member` VALUES (1,'Hans','Soerensen','Agernvej 3',3700,'Roenne','m','passiv','motionist',2000,NULL),(2,'Jens','Kofoed','Agrevej 5',3700,'Roenne','m','aktiv','konkurrence',2001,NULL),(3,'Peter','Lundin','Ahlegaardsvejen 7',3700,'Roenne','m','aktiv','konkurrence',2002,NULL),(4,'Frederik','Carlsen','Ahlstrandsvej 12',3700,'Roenne','m','aktiv','konkurrence',2005,NULL),(5,'Peter','Petersen','Ahornvej 54',3700,'Roenne','m','aktiv','konkurrence',1999,NULL),(6,'Ida','Kofoed','Blekingevej 43',3700,'Roenne','k','aktiv','konkurrence',1999,NULL),(7,'Bente','Svendsen','Blemmelyngvejen 32',3700,'Roenne','k','aktiv','motionist',1998,NULL),(8,'Tove','Joergensen','Blommehaven 2',3700,'Roenne','k','aktiv','konkurrence',1995,NULL),(9,'Soeren','Langeland','Danielstraede 4',3700,'Roenne','m','aktiv','konkurrence',1996,NULL),(10,'Jacob','Soerensen','Degnebrovejen 5',3700,'Roenne','m','aktiv','konkurrence',1996,NULL),(11,'Nikolaj','Kofoed','Dittes Vej 1',3700,'Roenne','m','aktiv','konkurrence',1970,NULL),(12,'Nynne','Sofia','Doktorbakken 112',3700,'Roenne','k','aktiv','konkurrence',1975,NULL),(13,'Per','Joergensen','Doktordammen 76',3760,'Gudhjem','m','passiv','konkurrence',1980,NULL),(14,'Ole','Lukoeje','Ejnar Jensens Vej 32',3730,'Nexoe','m','aktiv','konkurrence',1985,NULL),(15,'Rasmus','Kofoed','Ejnar Mikkelsensvej 6',3740,'Svanneke','m','aktiv','konkurrence',1990,NULL),(16,'Jens','Nielsen','Ekkodalsvejen 6',3740,'Svanneke','m','aktiv','motionist',1950,NULL),(17,'Marinus','Bastiansen','Elisabetsvej 11',3730,'Nexoe','m','aktiv','konkurrence',1955,NULL),(18,'Jesper','Find Nilsen','Ellebakken 4',3760,'Gudhjem','m','aktiv','konkurrence',1958,NULL),(19,'Lars','Kofoed','Ellebyvej 56',3740,'Svanneke','m','aktiv','konkurrence',1959,NULL),(20,'Soeren','Olsen','Fabriksvej 45',3770,'Allinge','m','aktiv','konkurrence',1960,NULL),(21,'Emil','Joergensen','Falckvej 7',3740,'Svanneke','m','aktiv','konkurrence',1954,NULL),(22,'Benjamin','Soerensen','Falsterbovej 98',3760,'Gudhjem','m','aktiv','konkurrence',1943,NULL),(23,'Rigmor','Jensen','Fasanvangen 8',3782,'Klemmensker','k','aktiv','konkurrence',2000,NULL),(24,'Ulrikke','Kofoed','Glappevej 34',3730,'Nexoe','k','aktiv','konkurrence',2001,NULL),(25,'Karla','Svendsen','Glastorvet 3',3782,'Klemmensker','k','aktiv','motionist',2002,NULL),(26,'Soerine','Olsen','Glasvaerksvej 6',3760,'Gudhjem','k','aktiv','konkurrence',2005,NULL),(27,'Magda','Boulet','Glentevangen 8',3782,'Klemmensker','k','aktiv','konkurrence',1999,NULL),(28,'Viktor','Soerensen','Godthaabsvej 42',3782,'Klemmensker','m','passiv','konkurrence',1999,NULL),(29,'Frank','Kofoed','Hallandsvej 65',3782,'Klemmensker','m','aktiv','konkurrence',1980,NULL),(30,'Karl','Nielsen','Hallebakken 87',3760,'Gudhjem','m','aktiv','konkurrence',1985,NULL),(31,'Ulrik','Pedersen','Halledalsvej 74',3770,'Allinge','m','aktiv','konkurrence',1990,NULL),(32,'Jeppe','Soerensen','Hallegaardsvejen 25',3740,'Svanneke','m','aktiv','konkurrence',1950,NULL),(33,'Mathias','Kofoed','Helligdomsvej 67',3700,'Roenne','m','aktiv','konkurrence',1955,NULL),(34,'Marcus','Nielsen','Helligpedervej 27',3770,'Allinge','m','aktiv','motionist',1958,NULL),(35,'Joshua','Johansen','Helsevej 28',3700,'Roenne','m','aktiv','konkurrence',1959,NULL),(36,'Kenneth','Soerensen','Henrik Hansensgade 29',3700,'Roenne','m','aktiv','konkurrence',1980,NULL),(37,'Dorthe','Schou','Hentregaardsvej 61',3760,'Gudhjem','k','aktiv','konkurrence',1985,NULL),(38,'Dorte','Kofoed','Jomfrudalen 64',3700,'Roenne','k','aktiv','konkurrence',1990,NULL),(39,'Johan','Frederiksen','Jomfruskoven 3',3700,'Roenne','m','aktiv','konkurrence',1950,NULL),(40,'Johanne','Nielsen','Jomfrustien 14',3730,'Nexoe','k','passiv','konkurrence',1955,NULL),(41,'Inger','Lundbaek','Jons Kapelvej 17',3700,'Roenne','k','aktiv','konkurrence',1958,NULL),(42,'Rikke','Soerensen','Jordbaerdalen 6',3700,'Roenne','k','aktiv','konkurrence',1959,NULL),(43,'Vibeke','Wagener','Jordbaerhaven 8',3700,'Roenne','k','aktiv','motionist',2002,NULL),(44,'Charlotte','Nielsen','Knudsvej 10',3700,'Roenne','k','passiv','konkurrence',2005,NULL),(45,'Mats','Edin','Kobbevej 62',3770,'Allinge','m','aktiv','konkurrence',1999,NULL),(46,'Bjoern','Andersen','Kodalsvejen 12',3770,'Allinge','m','aktiv','konkurrence',1999,NULL),(47,'Jakob','Skov','Kofoedsvej 7',3730,'Nexoe','m','aktiv','konkurrence',1998,NULL),(48,'Joenke','Svendsen','Jomfrudalen 13',3770,'Allinge','m','aktiv','konkurrence',1995,NULL),(49,'Svend','Svin','Jomfruskoven 21',3770,'Allinge','m','aktiv','motionist',2004,NULL),(50,'Preben','Fistelbach',NULL,NULL,NULL,NULL,'aktiv','motionist',1971,NULL),(51,'Preben','Fisenbarch',NULL,NULL,NULL,NULL,'aktiv','konkurrence',1941,NULL),(52,'Preben','Fisenbarch',NULL,NULL,NULL,NULL,'aktiv','konkurrence',1941,NULL),(53,'Lotte','Knastenløs',NULL,NULL,NULL,NULL,'aktiv','motionist',1978,NULL),(54,'Finn','Feber',NULL,NULL,NULL,NULL,'aktiv','motionist',2002,NULL);
/*!40000 ALTER TABLE `member` ENABLE KEYS */;
UNLOCK TABLES;

--
-- Table structure for table `result`
--

DROP TABLE IF EXISTS `result`;
/*!40101 SET @saved_cs_client     = @@character_set_client */;
/*!50503 SET character_set_client = utf8mb4 */;
CREATE TABLE `result` (
  `result_id` int NOT NULL AUTO_INCREMENT,
  `member_id` int DEFAULT NULL,
  `time` int DEFAULT NULL,
  `svømmedisciplin` varchar(45) NOT NULL,
  `distance` varchar(45) NOT NULL,
  PRIMARY KEY (`result_id`)
) ENGINE=InnoDB AUTO_INCREMENT=820 DEFAULT CHARSET=utf8mb4 COLLATE=utf8mb4_0900_ai_ci;
/*!40101 SET character_set_client = @saved_cs_client */;

--
-- Dumping data for table `result`
--

LOCK TABLES `result` WRITE;
/*!40000 ALTER TABLE `result` DISABLE KEYS */;
INSERT INTO `result` VALUES (1,12,26,'butterfly','kort'),(2,40,54,'brystsvømning','SPRINT'),(3,49,73,'rygcrawl','MELLEMLANG'),(4,26,104,'crawl','KORT'),(5,13,89,'rygcrawl','LANG'),(6,48,66,'crawl','MELLEMLANG'),(7,30,110,'rygcrawl','KORT'),(8,28,118,'brystsvømning','LANG'),(9,24,98,'butterfly','LANG'),(10,19,62,'butterfly','MELLEMLANG'),(11,8,145,'rygcrawl','LANG'),(12,26,137,'brystsvømning','LANG'),(13,29,63,'crawl','MELLEMLANG'),(14,29,58,'rygcrawl','MELLEMLANG'),(15,42,99,'butterfly','MELLEMLANG'),(16,42,59,'crawl','LANG'),(17,7,144,'brystsvømning','LANG'),(18,28,119,'butterfly','SPRINT'),(19,12,59,'butterfly','KORT'),(20,45,143,'brystsvømning','KORT'),(21,11,98,'crawl','MELLEMLANG'),(22,16,99,'crawl','KORT'),(23,39,117,'rygcrawl','MELLEMLANG'),(24,12,139,'butterfly','KORT'),(25,36,100,'crawl','SPRINT'),(26,9,116,'butterfly','MELLEMLANG'),(27,13,120,'rygcrawl','SPRINT'),(28,8,71,'butterfly','MELLEMLANG'),(29,11,79,'butterfly','MELLEMLANG'),(30,34,75,'butterfly','MELLEMLANG'),(31,11,131,'rygcrawl','KORT'),(32,28,50,'butterfly','LANG'),(33,46,141,'crawl','SPRINT'),(34,48,120,'brystsvømning','SPRINT'),(35,3,54,'brystsvømning','KORT'),(36,13,114,'brystsvømning','LANG'),(37,22,84,'rygcrawl','MELLEMLANG'),(38,35,91,'brystsvømning','MELLEMLANG'),(39,8,93,'butterfly','MELLEMLANG'),(40,3,102,'rygcrawl','SPRINT'),(41,5,107,'brystsvømning','KORT'),(42,29,66,'brystsvømning','MELLEMLANG'),(43,33,102,'crawl','KORT'),(44,2,80,'rygcrawl','MELLEMLANG'),(45,8,137,'butterfly','MELLEMLANG'),(46,46,52,'brystsvømning','KORT'),(47,40,132,'crawl','MELLEMLANG'),(48,9,127,'rygcrawl','LANG'),(49,43,110,'rygcrawl','SPRINT'),(50,39,54,'rygcrawl','KORT'),(51,47,132,'brystsvømning','MELLEMLANG'),(52,40,101,'butterfly','LANG'),(53,9,121,'brystsvømning','LANG'),(54,2,72,'crawl','KORT'),(55,5,87,'butterfly','KORT'),(56,7,113,'brystsvømning','KORT'),(57,3,144,'crawl','LANG'),(58,42,104,'brystsvømning','KORT'),(59,12,50,'crawl','SPRINT'),(60,42,69,'crawl','KORT'),(61,21,128,'crawl','LANG'),(62,18,69,'brystsvømning','KORT'),(63,8,143,'crawl','MELLEMLANG'),(64,16,132,'brystsvømning','LANG'),(65,21,70,'rygcrawl','LANG'),(66,25,104,'butterfly','SPRINT'),(67,24,89,'rygcrawl','SPRINT'),(68,46,76,'crawl','MELLEMLANG'),(69,7,127,'brystsvømning','SPRINT'),(70,7,125,'rygcrawl','KORT'),(71,49,64,'butterfly','KORT'),(72,11,108,'crawl','LANG'),(73,50,111,'crawl','MELLEMLANG'),(74,13,134,'rygcrawl','SPRINT'),(75,13,96,'butterfly','LANG'),(76,13,138,'butterfly','KORT'),(77,25,122,'crawl','LANG'),(78,28,134,'crawl','MELLEMLANG'),(79,50,145,'crawl','MELLEMLANG'),(80,29,58,'brystsvømning','SPRINT'),(81,25,88,'rygcrawl','MELLEMLANG'),(82,39,98,'rygcrawl','KORT'),(83,30,144,'butterfly','KORT'),(84,36,83,'rygcrawl','SPRINT'),(85,49,116,'rygcrawl','MELLEMLANG'),(86,46,62,'brystsvømning','SPRINT'),(87,16,95,'brystsvømning','MELLEMLANG'),(88,16,104,'butterfly','SPRINT'),(89,21,148,'rygcrawl','MELLEMLANG'),(90,22,72,'crawl','SPRINT'),(91,4,64,'rygcrawl','LANG'),(92,38,99,'crawl','KORT'),(93,42,57,'brystsvømning','LANG'),(94,9,107,'rygcrawl','SPRINT'),(95,31,57,'crawl','LANG'),(96,25,63,'rygcrawl','SPRINT'),(97,39,129,'brystsvømning','SPRINT'),(98,27,68,'brystsvømning','KORT'),(99,5,130,'butterfly','MELLEMLANG'),(100,10,83,'brystsvømning','LANG'),(101,39,70,'brystsvømning','KORT'),(102,38,103,'rygcrawl','SPRINT'),(103,16,147,'rygcrawl','SPRINT'),(104,8,55,'crawl','MELLEMLANG'),(105,27,143,'rygcrawl','MELLEMLANG'),(106,13,58,'crawl','LANG'),(107,44,82,'brystsvømning','MELLEMLANG'),(108,46,65,'butterfly','KORT'),(109,14,83,'butterfly','KORT'),(110,48,92,'butterfly','KORT'),(111,2,139,'crawl','LANG'),(112,19,104,'brystsvømning','LANG'),(113,10,75,'butterfly','SPRINT'),(114,50,66,'rygcrawl','KORT'),(115,37,57,'crawl','KORT'),(116,31,102,'brystsvømning','SPRINT'),(117,10,51,'crawl','SPRINT'),(118,10,77,'crawl','KORT'),(119,5,102,'crawl','MELLEMLANG'),(120,42,139,'brystsvømning','KORT'),(121,44,88,'butterfly','LANG'),(122,27,124,'rygcrawl','LANG'),(123,24,78,'brystsvømning','KORT'),(124,50,58,'crawl','SPRINT'),(125,19,147,'brystsvømning','LANG'),(126,5,137,'crawl','MELLEMLANG'),(127,1,102,'crawl','SPRINT'),(128,44,126,'rygcrawl','MELLEMLANG'),(129,49,95,'butterfly','KORT'),(130,21,136,'rygcrawl','LANG'),(131,40,126,'crawl','KORT'),(132,6,58,'butterfly','MELLEMLANG'),(133,11,78,'brystsvømning','LANG'),(134,27,58,'rygcrawl','LANG'),(135,29,59,'rygcrawl','SPRINT'),(136,49,54,'brystsvømning','MELLEMLANG'),(137,7,80,'crawl','KORT'),(138,13,75,'rygcrawl','MELLEMLANG'),(139,17,117,'butterfly','SPRINT'),(140,44,136,'butterfly','LANG'),(141,13,65,'crawl','MELLEMLANG'),(142,19,83,'brystsvømning','SPRINT'),(143,23,84,'crawl','KORT'),(144,27,144,'brystsvømning','LANG'),(145,17,142,'crawl','KORT'),(146,30,59,'butterfly','SPRINT'),(147,42,110,'butterfly','LANG'),(148,37,74,'brystsvømning','LANG'),(149,43,115,'crawl','KORT'),(150,4,51,'butterfly','MELLEMLANG'),(151,27,122,'rygcrawl','LANG'),(152,32,126,'rygcrawl','LANG'),(153,27,98,'rygcrawl','SPRINT'),(154,50,137,'butterfly','SPRINT'),(155,50,114,'crawl','MELLEMLANG'),(156,33,78,'crawl','LANG'),(157,36,141,'rygcrawl','SPRINT'),(158,7,52,'butterfly','MELLEMLANG'),(159,5,85,'crawl','KORT'),(160,30,126,'rygcrawl','KORT'),(161,8,91,'rygcrawl','MELLEMLANG'),(162,10,97,'brystsvømning','KORT'),(163,27,80,'brystsvømning','LANG'),(164,21,125,'brystsvømning','LANG'),(165,29,139,'butterfly','LANG'),(166,21,65,'butterfly','MELLEMLANG'),(167,49,148,'rygcrawl','KORT'),(168,14,66,'crawl','KORT'),(169,3,69,'rygcrawl','MELLEMLANG'),(170,23,68,'crawl','SPRINT'),(171,33,100,'crawl','KORT'),(172,32,76,'brystsvømning','SPRINT'),(173,8,99,'brystsvømning','LANG'),(174,6,74,'crawl','KORT'),(175,21,111,'crawl','KORT'),(176,4,108,'rygcrawl','SPRINT'),(177,9,65,'rygcrawl','SPRINT'),(178,40,116,'crawl','KORT'),(179,49,80,'butterfly','MELLEMLANG'),(180,33,50,'butterfly','MELLEMLANG'),(181,17,84,'butterfly','SPRINT'),(182,47,103,'crawl','SPRINT'),(183,20,91,'brystsvømning','LANG'),(184,49,118,'rygcrawl','SPRINT'),(185,23,91,'crawl','SPRINT'),(186,22,71,'butterfly','LANG'),(187,45,65,'butterfly','MELLEMLANG'),(188,5,146,'butterfly','MELLEMLANG'),(189,19,136,'brystsvømning','MELLEMLANG'),(190,31,88,'crawl','KORT'),(191,38,95,'crawl','LANG'),(192,14,82,'rygcrawl','LANG'),(193,9,102,'brystsvømning','MELLEMLANG'),(194,19,55,'crawl','LANG'),(195,7,114,'brystsvømning','MELLEMLANG'),(196,48,102,'butterfly','MELLEMLANG'),(197,20,147,'butterfly','LANG'),(198,41,117,'brystsvømning','LANG'),(199,41,80,'crawl','LANG'),(200,40,86,'butterfly','LANG'),(201,34,59,'crawl','MELLEMLANG'),(202,46,82,'brystsvømning','LANG'),(203,49,96,'rygcrawl','KORT'),(204,39,104,'rygcrawl','SPRINT'),(205,14,126,'brystsvømning','MELLEMLANG'),(206,6,102,'rygcrawl','SPRINT'),(207,39,74,'brystsvømning','KORT'),(208,16,148,'rygcrawl','KORT'),(209,40,53,'butterfly','LANG'),(210,14,70,'butterfly','MELLEMLANG'),(211,29,54,'butterfly','MELLEMLANG'),(212,47,138,'butterfly','SPRINT'),(213,9,53,'brystsvømning','MELLEMLANG'),(214,42,127,'rygcrawl','KORT'),(215,34,96,'butterfly','MELLEMLANG'),(216,40,107,'rygcrawl','KORT'),(217,29,57,'butterfly','KORT'),(218,24,65,'crawl','LANG'),(219,1,137,'crawl','KORT'),(220,19,143,'brystsvømning','SPRINT'),(221,35,99,'butterfly','SPRINT'),(222,34,120,'butterfly','MELLEMLANG'),(223,1,55,'rygcrawl','KORT'),(224,41,78,'rygcrawl','LANG'),(225,47,119,'brystsvømning','LANG'),(226,49,133,'rygcrawl','SPRINT'),(227,18,148,'brystsvømning','MELLEMLANG'),(228,16,54,'brystsvømning','SPRINT'),(229,18,81,'butterfly','KORT'),(230,49,101,'crawl','LANG'),(231,8,114,'butterfly','MELLEMLANG'),(232,29,55,'crawl','LANG'),(233,45,74,'butterfly','KORT'),(234,45,116,'crawl','MELLEMLANG'),(235,30,113,'brystsvømning','LANG'),(236,17,89,'crawl','LANG'),(237,39,122,'brystsvømning','MELLEMLANG'),(238,12,122,'crawl','KORT'),(239,49,141,'butterfly','SPRINT'),(240,14,85,'crawl','SPRINT'),(241,9,74,'crawl','SPRINT'),(242,29,97,'crawl','KORT'),(243,19,104,'brystsvømning','KORT'),(244,24,139,'brystsvømning','KORT'),(245,8,59,'butterfly','LANG'),(246,44,99,'butterfly','SPRINT'),(247,36,106,'brystsvømning','LANG'),(248,4,132,'rygcrawl','LANG'),(249,25,68,'brystsvømning','LANG'),(250,7,139,'crawl','LANG'),(251,35,110,'butterfly','LANG'),(252,42,100,'rygcrawl','LANG'),(253,23,99,'butterfly','KORT'),(254,28,69,'butterfly','MELLEMLANG'),(255,1,74,'crawl','KORT'),(256,17,67,'brystsvømning','MELLEMLANG'),(257,43,143,'butterfly','SPRINT'),(258,9,124,'crawl','MELLEMLANG'),(259,34,127,'brystsvømning','MELLEMLANG'),(260,2,96,'crawl','LANG'),(261,10,119,'brystsvømning','MELLEMLANG'),(262,26,122,'brystsvømning','LANG'),(263,44,116,'butterfly','MELLEMLANG'),(264,26,56,'brystsvømning','MELLEMLANG'),(265,29,96,'rygcrawl','KORT'),(266,19,75,'crawl','KORT'),(267,37,126,'butterfly','KORT'),(268,8,50,'crawl','LANG'),(269,13,126,'crawl','MELLEMLANG'),(270,35,59,'butterfly','SPRINT'),(271,46,117,'crawl','SPRINT'),(272,13,54,'brystsvømning','KORT'),(273,44,83,'brystsvømning','MELLEMLANG'),(274,31,71,'butterfly','MELLEMLANG'),(275,16,71,'crawl','KORT'),(276,41,60,'rygcrawl','SPRINT'),(277,1,109,'butterfly','MELLEMLANG'),(278,30,84,'rygcrawl','LANG'),(279,5,88,'crawl','LANG'),(280,22,121,'butterfly','SPRINT'),(281,28,115,'rygcrawl','LANG'),(282,24,50,'crawl','MELLEMLANG'),(283,43,123,'crawl','MELLEMLANG'),(284,13,101,'brystsvømning','KORT'),(285,8,127,'brystsvømning','MELLEMLANG'),(286,48,106,'brystsvømning','SPRINT'),(287,31,139,'rygcrawl','KORT'),(288,49,125,'butterfly','MELLEMLANG'),(289,7,137,'rygcrawl','SPRINT'),(290,32,147,'brystsvømning','LANG'),(291,10,102,'rygcrawl','KORT'),(292,2,97,'brystsvømning','LANG'),(293,32,125,'rygcrawl','SPRINT'),(294,28,139,'rygcrawl','SPRINT'),(295,16,54,'brystsvømning','SPRINT'),(296,31,118,'rygcrawl','SPRINT'),(297,49,132,'rygcrawl','LANG'),(298,26,78,'rygcrawl','KORT'),(299,29,107,'crawl','SPRINT'),(300,23,112,'brystsvømning','MELLEMLANG'),(301,45,122,'brystsvømning','LANG'),(302,24,64,'rygcrawl','MELLEMLANG'),(303,46,66,'crawl','SPRINT'),(304,2,120,'rygcrawl','LANG'),(305,4,145,'crawl','MELLEMLANG'),(306,45,115,'crawl','KORT'),(307,24,131,'crawl','SPRINT'),(308,33,106,'crawl','LANG'),(309,25,55,'rygcrawl','SPRINT'),(310,21,78,'crawl','LANG'),(311,18,94,'crawl','LANG'),(312,17,55,'crawl','MELLEMLANG'),(313,34,83,'crawl','KORT'),(314,37,138,'crawl','LANG'),(315,30,53,'rygcrawl','KORT'),(316,28,83,'butterfly','SPRINT'),(317,26,136,'rygcrawl','MELLEMLANG'),(318,36,95,'brystsvømning','SPRINT'),(319,36,87,'brystsvømning','SPRINT'),(320,5,95,'rygcrawl','SPRINT'),(321,25,126,'butterfly','MELLEMLANG'),(322,41,87,'brystsvømning','KORT'),(323,35,98,'butterfly','KORT'),(324,8,79,'crawl','KORT'),(325,21,128,'brystsvømning','SPRINT'),(326,18,125,'rygcrawl','KORT'),(327,32,109,'brystsvømning','MELLEMLANG'),(328,35,116,'brystsvømning','MELLEMLANG'),(329,4,52,'brystsvømning','LANG'),(330,41,102,'butterfly','LANG'),(331,49,57,'butterfly','SPRINT'),(332,3,146,'brystsvømning','KORT'),(333,6,103,'butterfly','KORT'),(334,36,110,'butterfly','MELLEMLANG'),(335,26,139,'butterfly','MELLEMLANG'),(336,20,110,'crawl','MELLEMLANG'),(337,27,111,'rygcrawl','SPRINT'),(338,3,147,'rygcrawl','KORT'),(339,43,127,'brystsvømning','KORT'),(340,12,89,'rygcrawl','KORT'),(341,7,78,'brystsvømning','MELLEMLANG'),(342,1,112,'rygcrawl','LANG'),(343,12,85,'butterfly','LANG'),(344,30,58,'brystsvømning','SPRINT'),(345,10,79,'crawl','MELLEMLANG'),(346,46,82,'butterfly','SPRINT'),(347,18,87,'brystsvømning','MELLEMLANG'),(348,42,86,'butterfly','LANG'),(349,38,149,'butterfly','MELLEMLANG'),(350,47,105,'brystsvømning','MELLEMLANG'),(351,41,133,'crawl','MELLEMLANG'),(352,36,98,'rygcrawl','SPRINT'),(353,4,97,'butterfly','SPRINT'),(354,31,111,'rygcrawl','LANG'),(355,14,146,'crawl','KORT'),(356,17,118,'butterfly','MELLEMLANG'),(357,47,135,'brystsvømning','KORT'),(358,33,111,'brystsvømning','LANG'),(359,13,60,'brystsvømning','KORT'),(360,24,127,'crawl','SPRINT'),(361,8,56,'butterfly','MELLEMLANG'),(362,36,86,'butterfly','KORT'),(363,32,115,'rygcrawl','MELLEMLANG'),(364,43,137,'butterfly','KORT'),(365,39,113,'brystsvømning','MELLEMLANG'),(366,6,145,'butterfly','MELLEMLANG'),(367,21,108,'butterfly','MELLEMLANG'),(368,24,133,'butterfly','LANG'),(369,14,53,'brystsvømning','LANG'),(370,10,139,'butterfly','KORT'),(371,32,51,'brystsvømning','LANG'),(372,35,124,'crawl','KORT'),(373,18,102,'rygcrawl','MELLEMLANG'),(374,40,62,'rygcrawl','KORT'),(375,14,105,'crawl','KORT'),(376,38,53,'rygcrawl','MELLEMLANG'),(377,41,103,'butterfly','SPRINT'),(378,2,146,'butterfly','LANG'),(379,36,146,'crawl','KORT'),(380,7,53,'brystsvømning','MELLEMLANG'),(381,14,103,'butterfly','SPRINT'),(382,26,56,'brystsvømning','KORT'),(383,7,94,'butterfly','SPRINT'),(384,1,77,'butterfly','KORT'),(385,17,59,'brystsvømning','MELLEMLANG'),(386,29,60,'butterfly','MELLEMLANG'),(387,27,111,'rygcrawl','LANG'),(388,14,145,'brystsvømning','MELLEMLANG'),(389,23,71,'rygcrawl','MELLEMLANG'),(390,2,146,'rygcrawl','LANG'),(391,4,60,'rygcrawl','MELLEMLANG'),(392,5,126,'butterfly','MELLEMLANG'),(393,41,101,'crawl','KORT'),(394,4,139,'brystsvømning','MELLEMLANG'),(395,37,58,'crawl','SPRINT'),(396,13,69,'brystsvømning','KORT'),(397,43,59,'brystsvømning','SPRINT'),(398,19,95,'rygcrawl','MELLEMLANG'),(399,26,82,'rygcrawl','LANG'),(400,14,121,'rygcrawl','KORT'),(401,33,132,'rygcrawl','KORT'),(402,20,112,'brystsvømning','MELLEMLANG'),(403,25,108,'butterfly','MELLEMLANG'),(404,26,135,'butterfly','MELLEMLANG'),(405,7,82,'crawl','SPRINT'),(406,9,89,'crawl','MELLEMLANG'),(407,43,57,'crawl','KORT'),(408,22,68,'brystsvømning','SPRINT'),(409,30,133,'butterfly','SPRINT'),(410,37,91,'butterfly','MELLEMLANG'),(411,14,69,'crawl','LANG'),(412,30,140,'butterfly','MELLEMLANG'),(413,29,65,'rygcrawl','MELLEMLANG'),(414,30,67,'brystsvømning','SPRINT'),(415,18,64,'rygcrawl','SPRINT'),(416,29,53,'butterfly','SPRINT'),(417,3,83,'butterfly','LANG'),(418,16,101,'rygcrawl','KORT'),(419,19,64,'crawl','LANG'),(420,32,101,'brystsvømning','LANG'),(421,39,103,'butterfly','LANG'),(422,21,97,'crawl','MELLEMLANG'),(423,10,60,'crawl','LANG'),(424,32,90,'brystsvømning','MELLEMLANG'),(425,50,138,'crawl','KORT'),(426,18,80,'butterfly','SPRINT'),(427,3,54,'rygcrawl','MELLEMLANG'),(428,25,88,'rygcrawl','MELLEMLANG'),(429,19,97,'rygcrawl','MELLEMLANG'),(430,32,63,'brystsvømning','MELLEMLANG'),(431,31,137,'crawl','KORT'),(432,43,133,'rygcrawl','LANG'),(433,19,128,'crawl','MELLEMLANG'),(434,50,97,'rygcrawl','MELLEMLANG'),(435,4,106,'brystsvømning','MELLEMLANG'),(436,48,55,'butterfly','LANG'),(437,5,122,'crawl','LANG'),(438,4,97,'brystsvømning','SPRINT'),(439,2,82,'crawl','LANG'),(440,47,132,'crawl','LANG'),(441,35,142,'crawl','LANG'),(442,23,113,'rygcrawl','KORT'),(443,33,133,'rygcrawl','KORT'),(444,50,109,'butterfly','MELLEMLANG'),(445,14,59,'crawl','LANG'),(446,41,63,'brystsvømning','MELLEMLANG'),(447,32,51,'butterfly','MELLEMLANG'),(448,47,125,'crawl','LANG'),(449,11,63,'crawl','MELLEMLANG'),(450,50,82,'rygcrawl','KORT'),(451,38,62,'butterfly','SPRINT'),(452,29,85,'brystsvømning','KORT'),(453,12,108,'crawl','SPRINT'),(454,18,145,'brystsvømning','LANG'),(455,49,137,'rygcrawl','MELLEMLANG'),(456,16,50,'rygcrawl','SPRINT'),(457,31,76,'crawl','MELLEMLANG'),(458,5,50,'crawl','MELLEMLANG'),(459,37,58,'crawl','SPRINT'),(460,14,149,'rygcrawl','MELLEMLANG'),(461,23,56,'crawl','SPRINT'),(462,36,135,'rygcrawl','SPRINT'),(463,25,148,'brystsvømning','SPRINT'),(464,3,53,'brystsvømning','SPRINT'),(465,6,112,'butterfly','SPRINT'),(466,5,123,'crawl','SPRINT'),(467,30,68,'butterfly','SPRINT'),(468,18,75,'rygcrawl','LANG'),(469,13,60,'butterfly','SPRINT'),(470,17,133,'rygcrawl','LANG'),(471,33,87,'butterfly','MELLEMLANG'),(472,20,129,'rygcrawl','MELLEMLANG'),(473,23,132,'rygcrawl','KORT'),(474,3,55,'rygcrawl','KORT'),(475,17,133,'brystsvømning','SPRINT'),(476,6,85,'crawl','LANG'),(477,50,103,'brystsvømning','SPRINT'),(478,42,75,'rygcrawl','MELLEMLANG'),(479,32,90,'rygcrawl','KORT'),(480,44,117,'crawl','KORT'),(481,38,59,'butterfly','LANG'),(482,33,84,'butterfly','KORT'),(483,41,124,'brystsvømning','KORT'),(484,3,58,'butterfly','KORT'),(485,32,57,'brystsvømning','LANG'),(486,26,137,'rygcrawl','LANG'),(487,40,119,'butterfly','MELLEMLANG'),(488,7,91,'brystsvømning','MELLEMLANG'),(489,42,115,'brystsvømning','LANG'),(490,27,104,'butterfly','KORT'),(491,16,78,'crawl','KORT'),(492,39,122,'brystsvømning','LANG'),(493,9,115,'rygcrawl','SPRINT'),(494,36,127,'rygcrawl','SPRINT'),(495,38,59,'butterfly','SPRINT'),(496,29,106,'crawl','SPRINT'),(497,31,80,'butterfly','SPRINT'),(498,40,134,'brystsvømning','MELLEMLANG'),(499,42,75,'brystsvømning','SPRINT'),(500,35,100,'brystsvømning','KORT'),(501,8,85,'rygcrawl','LANG'),(502,7,89,'butterfly','KORT'),(503,48,64,'butterfly','MELLEMLANG'),(504,18,94,'crawl','MELLEMLANG'),(505,12,111,'crawl','SPRINT'),(506,2,53,'rygcrawl','LANG'),(507,27,61,'crawl','MELLEMLANG'),(508,4,102,'crawl','MELLEMLANG'),(509,5,66,'butterfly','MELLEMLANG'),(510,41,143,'rygcrawl','LANG'),(511,3,74,'butterfly','SPRINT'),(512,50,142,'brystsvømning','KORT'),(513,34,60,'butterfly','SPRINT'),(514,40,71,'crawl','LANG'),(515,39,103,'rygcrawl','KORT'),(516,17,91,'crawl','LANG'),(517,4,147,'rygcrawl','LANG'),(518,5,97,'brystsvømning','SPRINT'),(519,3,112,'brystsvømning','KORT'),(520,50,104,'brystsvømning','MELLEMLANG'),(521,32,122,'butterfly','LANG'),(522,31,75,'brystsvømning','KORT'),(523,25,103,'crawl','MELLEMLANG'),(524,25,131,'butterfly','MELLEMLANG'),(525,14,79,'rygcrawl','KORT'),(526,15,140,'rygcrawl','LANG'),(527,31,111,'butterfly','MELLEMLANG'),(528,28,87,'crawl','KORT'),(529,30,77,'butterfly','KORT'),(530,45,73,'rygcrawl','SPRINT'),(531,3,130,'brystsvømning','MELLEMLANG'),(532,45,50,'crawl','MELLEMLANG'),(533,25,123,'crawl','SPRINT'),(534,11,54,'brystsvømning','LANG'),(535,32,83,'rygcrawl','MELLEMLANG'),(536,5,123,'rygcrawl','LANG'),(537,9,110,'butterfly','LANG'),(538,3,92,'butterfly','LANG'),(539,7,75,'brystsvømning','LANG'),(540,45,108,'brystsvømning','LANG'),(541,40,115,'crawl','KORT'),(542,29,68,'butterfly','SPRINT'),(543,48,90,'butterfly','SPRINT'),(544,44,92,'butterfly','KORT'),(545,43,117,'butterfly','MELLEMLANG'),(546,24,86,'butterfly','SPRINT'),(547,31,122,'crawl','SPRINT'),(548,16,125,'rygcrawl','SPRINT'),(549,48,61,'brystsvømning','SPRINT'),(550,11,119,'butterfly','SPRINT'),(551,1,131,'rygcrawl','LANG'),(552,21,142,'butterfly','SPRINT'),(553,46,105,'crawl','SPRINT'),(554,39,58,'brystsvømning','SPRINT'),(555,7,80,'rygcrawl','LANG'),(556,15,125,'rygcrawl','MELLEMLANG'),(557,18,52,'butterfly','LANG'),(558,10,105,'brystsvømning','MELLEMLANG'),(559,2,72,'crawl','MELLEMLANG'),(560,1,81,'butterfly','SPRINT'),(561,28,123,'brystsvømning','KORT'),(562,3,52,'rygcrawl','MELLEMLANG'),(563,42,137,'brystsvømning','MELLEMLANG'),(564,7,52,'crawl','SPRINT'),(565,17,106,'crawl','MELLEMLANG'),(566,30,111,'rygcrawl','LANG'),(567,41,93,'butterfly','LANG'),(568,5,125,'butterfly','SPRINT'),(569,17,74,'butterfly','LANG'),(570,21,104,'brystsvømning','MELLEMLANG'),(571,38,80,'crawl','KORT'),(572,41,122,'crawl','SPRINT'),(573,49,131,'crawl','SPRINT'),(574,12,54,'crawl','SPRINT'),(575,19,79,'butterfly','KORT'),(576,36,90,'brystsvømning','MELLEMLANG'),(577,48,75,'brystsvømning','LANG'),(578,2,66,'butterfly','LANG'),(579,14,142,'brystsvømning','MELLEMLANG'),(580,1,111,'rygcrawl','LANG'),(581,44,112,'brystsvømning','MELLEMLANG'),(582,15,116,'brystsvømning','LANG'),(583,42,118,'brystsvømning','KORT'),(584,35,112,'brystsvømning','KORT'),(585,19,145,'crawl','KORT'),(586,8,134,'butterfly','SPRINT'),(587,7,94,'butterfly','MELLEMLANG'),(588,4,111,'butterfly','MELLEMLANG'),(589,31,121,'butterfly','LANG'),(590,27,147,'crawl','LANG'),(591,22,109,'crawl','KORT'),(592,5,107,'rygcrawl','LANG'),(593,40,133,'butterfly','LANG'),(594,16,88,'rygcrawl','MELLEMLANG'),(595,4,133,'rygcrawl','LANG'),(596,29,110,'butterfly','KORT'),(597,33,53,'rygcrawl','SPRINT'),(598,37,97,'brystsvømning','MELLEMLANG'),(599,43,76,'rygcrawl','LANG'),(600,19,112,'rygcrawl','KORT'),(601,23,70,'rygcrawl','LANG'),(602,9,68,'crawl','KORT'),(603,20,106,'crawl','SPRINT'),(604,33,120,'brystsvømning','MELLEMLANG'),(605,7,84,'crawl','MELLEMLANG'),(606,27,76,'crawl','KORT'),(607,18,128,'brystsvømning','KORT'),(608,29,149,'brystsvømning','MELLEMLANG'),(609,18,133,'brystsvømning','SPRINT'),(610,15,78,'crawl','SPRINT'),(611,15,90,'crawl','LANG'),(612,43,70,'brystsvømning','SPRINT'),(613,15,108,'crawl','MELLEMLANG'),(614,20,83,'rygcrawl','MELLEMLANG'),(615,14,77,'butterfly','LANG'),(616,22,135,'butterfly','MELLEMLANG'),(617,14,65,'crawl','SPRINT'),(618,3,98,'crawl','SPRINT'),(619,20,141,'crawl','LANG'),(620,49,122,'rygcrawl','SPRINT'),(621,36,74,'rygcrawl','SPRINT'),(622,12,125,'rygcrawl','SPRINT'),(623,37,118,'crawl','KORT'),(624,37,122,'brystsvømning','KORT'),(625,11,55,'crawl','LANG'),(626,17,68,'rygcrawl','LANG'),(627,39,110,'crawl','MELLEMLANG'),(628,20,137,'butterfly','SPRINT'),(629,32,144,'brystsvømning','LANG'),(630,1,100,'butterfly','KORT'),(631,13,104,'brystsvømning','SPRINT'),(632,50,63,'butterfly','MELLEMLANG'),(633,47,87,'crawl','MELLEMLANG'),(634,44,65,'butterfly','MELLEMLANG'),(635,22,137,'crawl','MELLEMLANG'),(636,13,55,'rygcrawl','SPRINT'),(637,9,70,'butterfly','KORT'),(638,12,119,'brystsvømning','MELLEMLANG'),(639,44,86,'rygcrawl','KORT'),(640,44,120,'crawl','MELLEMLANG'),(641,48,92,'butterfly','SPRINT'),(642,2,83,'rygcrawl','LANG'),(643,46,91,'brystsvømning','LANG'),(644,9,141,'rygcrawl','SPRINT'),(645,45,131,'rygcrawl','LANG'),(646,41,137,'crawl','MELLEMLANG'),(647,42,97,'crawl','SPRINT'),(648,49,146,'rygcrawl','LANG'),(649,28,114,'rygcrawl','MELLEMLANG'),(650,13,131,'rygcrawl','LANG'),(651,29,104,'brystsvømning','SPRINT'),(652,47,149,'brystsvømning','MELLEMLANG'),(653,42,140,'brystsvømning','LANG'),(654,22,136,'butterfly','KORT'),(655,6,96,'butterfly','LANG'),(656,35,118,'butterfly','KORT'),(657,17,90,'brystsvømning','SPRINT'),(658,6,137,'butterfly','SPRINT'),(659,6,91,'butterfly','MELLEMLANG'),(660,22,124,'rygcrawl','KORT'),(661,12,100,'butterfly','MELLEMLANG'),(662,12,107,'brystsvømning','SPRINT'),(663,32,72,'crawl','MELLEMLANG'),(664,17,66,'brystsvømning','KORT'),(665,36,92,'rygcrawl','MELLEMLANG'),(666,41,134,'butterfly','MELLEMLANG'),(667,32,124,'rygcrawl','KORT'),(668,49,147,'brystsvømning','LANG'),(669,24,120,'rygcrawl','MELLEMLANG'),(670,26,82,'butterfly','SPRINT'),(671,30,96,'butterfly','SPRINT'),(672,42,88,'crawl','KORT'),(673,17,59,'butterfly','MELLEMLANG'),(674,21,80,'crawl','LANG'),(675,46,88,'butterfly','MELLEMLANG'),(676,36,132,'crawl','SPRINT'),(677,4,124,'crawl','SPRINT'),(678,20,77,'butterfly','SPRINT'),(679,20,125,'crawl','SPRINT'),(680,32,94,'crawl','KORT'),(681,32,87,'rygcrawl','LANG'),(682,32,136,'crawl','MELLEMLANG'),(683,9,131,'crawl','MELLEMLANG'),(684,49,113,'crawl','KORT'),(685,28,147,'butterfly','SPRINT'),(686,50,71,'butterfly','KORT'),(687,4,75,'brystsvømning','KORT'),(688,18,125,'crawl','LANG'),(689,1,122,'butterfly','LANG'),(690,6,63,'brystsvømning','LANG'),(691,9,108,'butterfly','MELLEMLANG'),(692,24,124,'brystsvømning','LANG'),(693,13,57,'brystsvømning','MELLEMLANG'),(694,38,110,'brystsvømning','MELLEMLANG'),(695,23,129,'crawl','KORT'),(696,31,130,'butterfly','KORT'),(697,8,113,'butterfly','KORT'),(698,20,59,'brystsvømning','KORT'),(699,47,80,'crawl','MELLEMLANG'),(700,48,87,'butterfly','LANG'),(701,35,147,'butterfly','SPRINT'),(702,19,81,'butterfly','LANG'),(703,3,119,'butterfly','SPRINT'),(704,38,84,'butterfly','KORT'),(705,14,147,'brystsvømning','KORT'),(706,18,62,'brystsvømning','LANG'),(707,25,122,'brystsvømning','KORT'),(708,35,77,'rygcrawl','LANG'),(709,3,97,'butterfly','KORT'),(710,40,76,'rygcrawl','MELLEMLANG'),(711,20,102,'butterfly','LANG'),(712,18,90,'crawl','KORT'),(713,15,57,'crawl','MELLEMLANG'),(714,17,102,'rygcrawl','MELLEMLANG'),(715,17,111,'crawl','LANG'),(716,38,105,'brystsvømning','LANG'),(717,29,62,'rygcrawl','KORT'),(718,35,63,'rygcrawl','MELLEMLANG'),(719,14,142,'rygcrawl','MELLEMLANG'),(720,44,122,'brystsvømning','MELLEMLANG'),(721,35,138,'rygcrawl','KORT'),(722,41,125,'crawl','LANG'),(723,1,134,'butterfly','SPRINT'),(724,38,121,'brystsvømning','LANG'),(725,20,90,'rygcrawl','MELLEMLANG'),(726,12,58,'butterfly','KORT'),(727,13,94,'crawl','MELLEMLANG'),(728,15,75,'rygcrawl','MELLEMLANG'),(729,48,75,'butterfly','MELLEMLANG'),(730,33,141,'rygcrawl','KORT'),(731,20,144,'brystsvømning','KORT'),(732,30,88,'rygcrawl','MELLEMLANG'),(733,35,106,'brystsvømning','SPRINT'),(734,8,57,'crawl','KORT'),(735,14,62,'brystsvømning','KORT'),(736,25,76,'crawl','MELLEMLANG'),(737,4,131,'crawl','LANG'),(738,46,64,'crawl','SPRINT'),(739,12,109,'butterfly','LANG'),(740,31,129,'brystsvømning','SPRINT'),(741,36,70,'rygcrawl','LANG'),(742,9,144,'brystsvømning','SPRINT'),(743,29,127,'crawl','KORT'),(744,45,119,'rygcrawl','KORT'),(745,33,100,'rygcrawl','MELLEMLANG'),(746,12,92,'butterfly','SPRINT'),(747,40,55,'crawl','SPRINT'),(748,42,86,'butterfly','SPRINT'),(749,44,65,'crawl','KORT'),(750,48,140,'brystsvømning','MELLEMLANG'),(751,20,65,'rygcrawl','SPRINT'),(752,34,75,'brystsvømning','MELLEMLANG'),(753,44,110,'rygcrawl','SPRINT'),(754,48,127,'rygcrawl','KORT'),(755,21,145,'butterfly','MELLEMLANG'),(756,15,70,'brystsvømning','MELLEMLANG'),(757,38,96,'crawl','SPRINT'),(758,44,59,'brystsvømning','MELLEMLANG'),(759,11,147,'brystsvømning','LANG'),(760,16,92,'butterfly','LANG'),(761,3,62,'butterfly','KORT'),(762,25,128,'rygcrawl','MELLEMLANG'),(763,8,61,'crawl','SPRINT'),(764,49,141,'crawl','KORT'),(765,26,130,'butterfly','KORT'),(766,37,62,'rygcrawl','LANG'),(767,42,54,'crawl','SPRINT'),(768,45,81,'butterfly','KORT'),(769,6,136,'butterfly','KORT'),(770,36,66,'rygcrawl','SPRINT'),(771,46,63,'rygcrawl','KORT'),(772,23,118,'brystsvømning','LANG'),(773,32,100,'rygcrawl','LANG'),(774,18,73,'butterfly','KORT'),(775,43,145,'crawl','MELLEMLANG'),(776,18,80,'crawl','LANG'),(777,50,67,'rygcrawl','KORT'),(778,26,59,'crawl','SPRINT'),(779,37,112,'butterfly','MELLEMLANG'),(780,3,51,'brystsvømning','SPRINT'),(781,23,73,'crawl','LANG'),(782,42,72,'crawl','SPRINT'),(783,5,81,'brystsvømning','SPRINT'),(784,43,96,'crawl','KORT'),(785,18,75,'butterfly','LANG'),(786,9,90,'crawl','MELLEMLANG'),(787,46,112,'brystsvømning','SPRINT'),(788,16,147,'butterfly','LANG'),(789,10,114,'brystsvømning','KORT'),(790,36,124,'rygcrawl','MELLEMLANG'),(791,14,141,'crawl','LANG'),(792,39,93,'butterfly','KORT'),(793,28,149,'brystsvømning','MELLEMLANG'),(794,18,131,'crawl','KORT'),(795,13,58,'brystsvømning','KORT'),(796,10,62,'rygcrawl','MELLEMLANG'),(797,3,54,'rygcrawl','KORT'),(798,5,127,'butterfly','KORT'),(799,34,74,'butterfly','SPRINT'),(800,7,59,'crawl','KORT'),(801,1,61,'butterfly','LANG'),(802,27,149,'crawl','KORT'),(803,26,79,'crawl','KORT'),(804,2,104,'butterfly','SPRINT'),(805,37,94,'brystsvømning','KORT'),(806,16,138,'rygcrawl','SPRINT'),(807,21,120,'butterfly','SPRINT'),(808,29,142,'butterfly','LANG'),(809,37,118,'rygcrawl','LANG'),(810,44,86,'crawl','MELLEMLANG'),(811,39,110,'crawl','SPRINT'),(812,12,61,'rygcrawl','SPRINT'),(813,16,69,'crawl','LANG'),(814,40,134,'butterfly','SPRINT'),(815,49,54,'rygcrawl','LANG'),(816,26,90,'crawl','SPRINT'),(817,2,101,'rygcrawl','LANG'),(818,16,61,'butterfly','SPRINT'),(819,35,119,'crawl','MELLEMLANG');
/*!40000 ALTER TABLE `result` ENABLE KEYS */;
UNLOCK TABLES;

--
-- Table structure for table `subscription`
--

DROP TABLE IF EXISTS `subscription`;
/*!40101 SET @saved_cs_client     = @@character_set_client */;
/*!50503 SET character_set_client = utf8mb4 */;
CREATE TABLE `subscription` (
  `payment_id` int NOT NULL AUTO_INCREMENT,
  `due_date` varchar(45) NOT NULL,
  `amount` int NOT NULL,
  `year` int DEFAULT NULL,
  PRIMARY KEY (`payment_id`)
) ENGINE=InnoDB AUTO_INCREMENT=15 DEFAULT CHARSET=utf8mb4 COLLATE=utf8mb4_0900_ai_ci;
/*!40101 SET character_set_client = @saved_cs_client */;

--
-- Dumping data for table `subscription`
--

LOCK TABLES `subscription` WRITE;
/*!40000 ALTER TABLE `subscription` DISABLE KEYS */;
INSERT INTO `subscription` VALUES (1,'-2004',3000,2021),(2,'1998',3000,2021),(3,'21-12-2021',3000,2021),(4,'21-12-2021',3000,2021),(5,'21-12-2021',3000,2021),(6,'21-12-2021',3000,2021),(7,'21-12-2021',3000,2021),(8,'21-12-2021',3000,2021),(9,'21-12-2021',3000,2021),(10,'21-12-2021',3000,2021),(11,'21-12-2021',3000,2021),(12,'21-12-2021',3000,2021),(13,'21-12-2021',3000,2021),(14,'21-12-2021',3000,2021);
/*!40000 ALTER TABLE `subscription` ENABLE KEYS */;
UNLOCK TABLES;

--
-- Table structure for table `subscription_payments`
--

DROP TABLE IF EXISTS `subscription_payments`;
/*!40101 SET @saved_cs_client     = @@character_set_client */;
/*!50503 SET character_set_client = utf8mb4 */;
CREATE TABLE `subscription_payments` (
  `payment_id` int NOT NULL AUTO_INCREMENT,
  `subscription_id` int NOT NULL,
  `member_id` int DEFAULT NULL,
  `amount` int DEFAULT NULL,
  `status` tinyint DEFAULT '1',
  PRIMARY KEY (`payment_id`)
) ENGINE=InnoDB AUTO_INCREMENT=246 DEFAULT CHARSET=utf8mb4 COLLATE=utf8mb4_0900_ai_ci;
/*!40101 SET character_set_client = @saved_cs_client */;

--
-- Dumping data for table `subscription_payments`
--

LOCK TABLES `subscription_payments` WRITE;
/*!40000 ALTER TABLE `subscription_payments` DISABLE KEYS */;
INSERT INTO `subscription_payments` VALUES (1,10,1,1200,1),(2,10,2,1200,1),(3,10,3,1200,1),(4,10,4,1000,1),(5,10,5,1200,1),(6,10,6,1200,1),(7,10,7,1200,1),(8,10,8,1200,0),(9,10,9,1200,1),(10,10,10,1200,1),(11,10,11,1200,1),(12,10,12,1200,1),(13,10,13,1200,1),(14,10,14,1200,1),(15,10,15,1200,1),(16,10,16,1600,1),(17,10,17,1600,1),(18,10,18,1600,1),(19,10,19,1600,1),(20,10,20,1600,1),(21,10,21,1600,1),(22,10,22,1600,1),(23,10,23,1200,1),(24,10,24,1200,1),(25,10,25,1200,1),(26,10,26,1000,1),(27,10,27,1200,1),(28,10,28,1200,1),(29,10,29,1200,1),(30,10,30,1200,1),(31,10,31,1200,1),(32,10,32,1600,1),(33,10,33,1600,1),(34,10,34,1600,1),(35,10,35,1600,1),(36,10,36,1200,1),(37,10,37,1200,1),(38,10,38,1200,1),(39,10,39,1600,1),(40,10,40,1600,1),(41,10,41,1600,1),(42,10,42,1600,1),(43,10,43,1200,1),(44,10,44,1000,1),(45,10,45,1200,1),(46,10,46,1200,1),(47,10,47,1200,1),(48,10,48,1200,1),(49,10,49,1000,0),(50,11,1,1200,1),(51,11,2,1200,1),(52,11,3,1200,1),(53,11,4,1000,1),(54,11,5,1200,1),(55,11,6,1200,1),(56,11,7,1200,1),(57,11,8,1200,0),(58,11,9,1200,1),(59,11,10,1200,1),(60,11,11,1200,1),(61,11,12,1200,1),(62,11,13,1200,1),(63,11,14,1200,1),(64,11,15,1200,1),(65,11,16,1600,1),(66,11,17,1600,1),(67,11,18,1600,1),(68,11,19,1600,1),(69,11,20,1600,1),(70,11,21,1600,1),(71,11,22,1600,1),(72,11,23,1200,1),(73,11,24,1200,1),(74,11,25,1200,1),(75,11,26,1000,1),(76,11,27,1200,1),(77,11,28,1200,1),(78,11,29,1200,1),(79,11,30,1200,1),(80,11,31,1200,1),(81,11,32,1600,1),(82,11,33,1600,1),(83,11,34,1600,1),(84,11,35,1600,1),(85,11,36,1200,1),(86,11,37,1200,1),(87,11,38,1200,1),(88,11,39,1600,1),(89,11,40,1600,1),(90,11,41,1600,1),(91,11,42,1600,1),(92,11,43,1200,1),(93,11,44,1000,1),(94,11,45,1200,1),(95,11,46,1200,1),(96,11,47,1200,1),(97,11,48,1200,1),(98,11,49,1000,0),(99,12,1,1200,1),(100,12,2,1200,1),(101,12,3,1200,1),(102,12,4,1000,1),(103,12,5,1200,1),(104,12,6,1200,1),(105,12,7,1200,1),(106,12,8,1200,0),(107,12,9,1200,1),(108,12,10,1200,1),(109,12,11,1200,1),(110,12,12,1200,1),(111,12,13,1200,1),(112,12,14,1200,1),(113,12,15,1200,1),(114,12,16,1600,1),(115,12,17,1600,1),(116,12,18,1600,1),(117,12,19,1600,1),(118,12,20,1600,1),(119,12,21,1600,1),(120,12,22,1600,1),(121,12,23,1200,1),(122,12,24,1200,1),(123,12,25,1200,1),(124,12,26,1000,1),(125,12,27,1200,1),(126,12,28,1200,1),(127,12,29,1200,1),(128,12,30,1200,1),(129,12,31,1200,1),(130,12,32,1600,1),(131,12,33,1600,1),(132,12,34,1600,1),(133,12,35,1600,1),(134,12,36,1200,1),(135,12,37,1200,1),(136,12,38,1200,1),(137,12,39,1600,1),(138,12,40,1600,1),(139,12,41,1600,1),(140,12,42,1600,1),(141,12,43,1200,1),(142,12,44,1000,1),(143,12,45,1200,1),(144,12,46,1200,1),(145,12,47,1200,1),(146,12,48,1200,1),(147,12,49,1000,0),(148,13,1,1200,1),(149,13,2,1200,1),(150,13,3,1200,1),(151,13,4,1000,1),(152,13,5,1200,1),(153,13,6,1200,1),(154,13,7,1200,1),(155,13,8,1200,0),(156,13,9,1200,1),(157,13,10,1200,1),(158,13,11,1200,1),(159,13,12,1200,1),(160,13,13,1200,1),(161,13,14,1200,1),(162,13,15,1200,1),(163,13,16,1600,1),(164,13,17,1600,1),(165,13,18,1600,1),(166,13,19,1600,1),(167,13,20,1600,1),(168,13,21,1600,1),(169,13,22,1600,1),(170,13,23,1200,1),(171,13,24,1200,1),(172,13,25,1200,1),(173,13,26,1000,1),(174,13,27,1200,1),(175,13,28,1200,1),(176,13,29,1200,1),(177,13,30,1200,1),(178,13,31,1200,1),(179,13,32,1600,1),(180,13,33,1600,1),(181,13,34,1600,1),(182,13,35,1600,1),(183,13,36,1200,1),(184,13,37,1200,1),(185,13,38,1200,1),(186,13,39,1600,1),(187,13,40,1600,1),(188,13,41,1600,1),(189,13,42,1600,1),(190,13,43,1200,1),(191,13,44,1000,1),(192,13,45,1200,1),(193,13,46,1200,1),(194,13,47,1200,1),(195,13,48,1200,1),(196,13,49,1000,0),(197,14,1,1200,1),(198,14,2,1200,1),(199,14,3,1200,1),(200,14,4,1000,1),(201,14,5,1200,1),(202,14,6,1200,1),(203,14,7,1200,1),(204,14,8,1200,1),(205,14,9,1200,1),(206,14,10,1200,1),(207,14,11,1200,1),(208,14,12,1200,1),(209,14,13,1200,1),(210,14,14,1200,1),(211,14,15,1200,1),(212,14,16,1600,1),(213,14,17,1600,1),(214,14,18,1600,1),(215,14,19,1600,1),(216,14,20,1600,1),(217,14,21,1600,1),(218,14,22,1600,1),(219,14,23,1200,1),(220,14,24,1200,1),(221,14,25,1200,1),(222,14,26,1000,1),(223,14,27,1200,1),(224,14,28,1200,1),(225,14,29,1200,1),(226,14,30,1200,1),(227,14,31,1200,1),(228,14,32,1600,1),(229,14,33,1600,1),(230,14,34,1600,1),(231,14,35,1600,1),(232,14,36,1200,1),(233,14,37,1200,1),(234,14,38,1200,1),(235,14,39,1600,1),(236,14,40,1600,1),(237,14,41,1600,1),(238,14,42,1600,1),(239,14,43,1200,1),(240,14,44,1000,1),(241,14,45,1200,1),(242,14,46,1200,1),(243,14,47,1200,1),(244,14,48,1200,1),(245,14,49,1000,1);
/*!40000 ALTER TABLE `subscription_payments` ENABLE KEYS */;
UNLOCK TABLES;

--
-- Table structure for table `trainer`
--

DROP TABLE IF EXISTS `trainer`;
/*!40101 SET @saved_cs_client     = @@character_set_client */;
/*!50503 SET character_set_client = utf8mb4 */;
CREATE TABLE `trainer` (
  `trainer_id` int NOT NULL AUTO_INCREMENT,
  `fornavn` varchar(45) NOT NULL,
  `efternavn` varchar(45) NOT NULL,
  `aargang` int NOT NULL,
  PRIMARY KEY (`trainer_id`)
) ENGINE=InnoDB DEFAULT CHARSET=utf8mb4 COLLATE=utf8mb4_0900_ai_ci;
/*!40101 SET character_set_client = @saved_cs_client */;

--
-- Dumping data for table `trainer`
--

LOCK TABLES `trainer` WRITE;
/*!40000 ALTER TABLE `trainer` DISABLE KEYS */;
/*!40000 ALTER TABLE `trainer` ENABLE KEYS */;
UNLOCK TABLES;
/*!40103 SET TIME_ZONE=@OLD_TIME_ZONE */;

/*!40101 SET SQL_MODE=@OLD_SQL_MODE */;
/*!40014 SET FOREIGN_KEY_CHECKS=@OLD_FOREIGN_KEY_CHECKS */;
/*!40014 SET UNIQUE_CHECKS=@OLD_UNIQUE_CHECKS */;
/*!40101 SET CHARACTER_SET_CLIENT=@OLD_CHARACTER_SET_CLIENT */;
/*!40101 SET CHARACTER_SET_RESULTS=@OLD_CHARACTER_SET_RESULTS */;
/*!40101 SET COLLATION_CONNECTION=@OLD_COLLATION_CONNECTION */;
/*!40111 SET SQL_NOTES=@OLD_SQL_NOTES */;

-- Dump completed on 2021-01-30 15:23:43
